Nome,Minibio,FotoPerfilDrive,NomeObra,DescricaoObra,Thumbnail,MateriaisRecursos,DescricaoExecucao,Link,LinkFotoRaw,LinkThumbnailRaw,LinkObraRaw
André Oliveira Cebola,"André Oliveira Cebola, 35 anos, artista NFT, artista generativo e motion designer. 
Atua desde 2005 no mercado de tv, cinema e vídeo clipes. Dirigiu e criou clipes para artistas da música brasileira, como ‘O novíssimo Edgar”, “Lia de Itamaracá” ,""RZO/Rael da Rima” e “BNegão e os Seletores de Frequência”. Em sua vertente artística autoral, cujas obras de arte conceituais,experimentais e procedurais exploram idéias através de softwares e programação criativa.",https://drive.google.com/file/d/1pPl9um4BMXT97DnUVm0I9OlIIz1jWK96/view?usp=sharing,meta.human,"Arte generativa, interação entre objetos 3D animados no Blender e reinterpretados no processing.

André Oliveira, 2022.",https://drive.google.com/file/d/1E0az__iopLiVkU8zPQfLvIqT6vPD7J-f/view?usp=sharing,"Arte generativa programada no processing, linguagem java, utilizando a biblioteca PShape para acessar e reinterpretar objetos 3D, no caso uma sequência de objetos compondo a animação. Utilização das funções vertex() para criar as texturas dos pontos tridimensionais.",Gravado em formato de vídeo,https://drive.google.com/file/d/1yEQVvgk0ewEB8S9GTGdYNHuYMHa0Gidq/view?usp=sharing,https://drive.google.com/uc?export=view&id=1pPl9um4BMXT97DnUVm0I9OlIIz1jWK96,https://drive.google.com/uc?export=view&id=1E0az__iopLiVkU8zPQfLvIqT6vPD7J-f,https://drive.google.com/uc?export=view&id=1yEQVvgk0ewEB8S9GTGdYNHuYMHa0Gidq
Jonas Dias,"Jonas Dias (1997) nasceu em Itajaí (SC), cresceu no interior do Ceará e atualmente vive e trabalha em Recife (PE). Sua formação artística ocorre desde 2017, de maneira autodidata, com trabalhos que reúnem pinturas, fotografias, vídeos e objetos. Suas investigações buscam explorar as memórias do corpo, movimentos e a mutação da imagem. O intuito das composições é gerar diálogos que possibilitem a exploração do toque e outras sensorialidades que venham a existir. ",https://drive.google.com/file/d/196uT8nT0qF07qxvwWnbgKdXTDGlk93tI/view?usp=sharing,Telha céu,"O trabalho telha céu, foi criado a partir de uma fotografia digital, na qual utilizei ferramentas de edição para que parecesse uma pintura.",https://drive.google.com/file/d/10bvqya25UT9Gbl8iz42pgC2aZ0MrvbUl/view?usp=sharing,Fotografia digital,Fotografia,https://drive.google.com/file/d/10bvqya25UT9Gbl8iz42pgC2aZ0MrvbUl/view?usp=sharing,https://drive.google.com/uc?export=view&id=196uT8nT0qF07qxvwWnbgKdXTDGlk93tI,https://drive.google.com/uc?export=view&id=10bvqya25UT9Gbl8iz42pgC2aZ0MrvbUl,https://drive.google.com/uc?export=view&id=10bvqya25UT9Gbl8iz42pgC2aZ0MrvbUl
flvz_,"Flávio Carvalho é mídia-artista, curador de arte e designer que vive e trabalha em Curitiba, Brasil. É mestrando em Comunicação e Linguagens - Cinema e Audiovisual na Universidade Tuiuti do Paraná. Estudou especialização em Interdisciplinar de Artes e Ensino das Artes na Universidade Estadual do Paraná UNESPAR/FAP em 2012. Desde então, exibiu coletivamente em festivais como MADATAC, Subtle Technologies, Girona Film Festival, Homeostasis Lab, entre outros. Entre 2017 a 2020 foi o curador da exposição Subli_me e Laniakea da The Wrong – New Digital Art Biennale em Curitiba. Integrou em 2018 a curadoria da Bienal Internacional de Arte de Curitiba ganhando o Prêmio Jovens Curadores. Atualmente é curador convidado da Bienal Internacional de Arte de Curitiba e professor convidado da pós-graduação em Cinema da UTP.",https://drive.google.com/file/d/1GGsH4Rai_vyXD-_R4CvXPQQzWRh90mBj/view,Multiple Faces of the Void (Múltiplas Faces do Vazio),"Sinopse: Um vazio de ideias consome de forma tediosa e aflitiva uma sucessão de dias na vida de um ser humano chamado Stress.

O filme “Múltiplas Faces do Vazio” é uma videoperformance de Flávio Carvalho que foi filmada com o software de visão computacional ReacTIVision, montada como uma escultura virtual na game engine Unity, e com os letreiros gravados diretamente da tela, do site de tipografia generativa por rede neural Bit Tripper. A trilha foi composta por Lilian Nakahodo que, em parceria com o diretor, construiu os elementos do glitch na música. O diretor criou imagens a partir da sinopse do filme como prompt no web app de I.A. MidJourney. Selecionou quatro imagens que enviou para a compositora, que então, transformou uma delas em áudio pela técnica de sonificação, resultando nos glitches da música. A “Condição Pós-Mídia” do teórico de arte e mídia Peter Weibel norteia o filme. Weibel argumenta que: “nenhuma mídia é dominante e que ao invés disso, todas as diferentes mídias influenciam e determinam umas as outras”. Temos então, de acordo com a teoria de Weibel, múltiplas linguagens interagindo no filme; da montagem ao produto final.

Sobre o conceito do filme, o artista passava por um momento de intenso stress entre 2021-2022, no qual, todos os dias eram ligeiramente iguais, tediosos. Isso aparece na primeira parte do filme onde existe a repetição da negação e descrédito do artista. O filme se apresenta num carrossel de frames soltos e desordenados que nunca se repetem emulando palimpsestos digitais. Ao fundo existem fragmentos de glitches em azuis, que fazem parte da biblioteca do artista e que simbolizam a causa da aflição. No segundo momento do filme, a performance se desvela com uma certa calmaria que deixam sequelas. Assim como no filme, os compassos da trilha foram esculpidos de modo que nunca se repetem, com pequenas alterações introduzidas por processos randômicos digitais e manuais.",https://drive.google.com/file/d/1722UNjr26wUFQVs3SQdFwjAhlfCv1NTQ/view?usp=sharing,Estão incluídos na descrição acima.,Gravado em formato de vídeo,https://drive.google.com/file/d/10F7L4e_QEkYMakB5ms88l-jMmnakyqml/view,https://drive.google.com/uc?export=view&id=1GGsH4Rai_vyXD-_R4CvXPQQzWRh90mBj,https://drive.google.com/uc?export=view&id=1722UNjr26wUFQVs3SQdFwjAhlfCv1NTQ,https://bit.ly/3QIo0ps  senha: voidX
Guilherme Ranoya,"Professor e pesquisador do Programa de Pós-Graduação em Design (PPGDesign) da UFPE na linha de Design da Informação, e professor do Departamento de Design do Centro de Artes e Comunicação da mesma universidade. Líder do Grupo de Pesquisa Integrada em Design e Computação (D+C), colaborador do Grupo de Pesquisa em Design da Informação/UFPE, do Grupo de Pesquisa, Experimentação e Inovação em Arte, Tecnologia e Criatividade (Mustic), e coordenador do Laboratório de Visualização e Sentidos do Nordeste – VISSE.",https://www.ranoya.com/Assets/pessoas/tRanoya.png,Pathwaves (ver. 4),Parte de uma série de obras explorando autômatos visuais geradores de efeitos de moiré.,https://drive.google.com/uc?export=view&id=1BY5hY_0unbaVHm3cAvpVT9MxltEoQ6-z,Javascript/P5,Disponível online em um site,https://www.ranoya.com/public/visse/sitevisse/minhocasmalucas.html,https://www.ranoya.com/Assets/pessoas/tRanoya.png,https://drive.google.com/uc?export=view&id=1BY5hY_0unbaVHm3cAvpVT9MxltEoQ6-z,https://www.ranoya.com/public/visse/sitevisse/minhocasmalucas.html
Vamoss,"Vamoss é artista-programador, utiliza o código como matéria prima para criar projetos de arte gerativa. É Diretor de Tecnologia na SuperUber, onde contribuiu para projetos de museus em todo mundo desde 2011. É doutorando em Artes Visuais no PPGAV-UFRJ, na linha de Poéticas Interdisciplinares. Formado em Design e mestre em Economia Criativa pela ESPM-Rio, onde engajou com a comunidade de artistas-programadores brasileiros para criar o Encontros Digitais, um espaço de aprendizado em arte e novas tecnologias.",https://drive.google.com/file/d/17LUckbJCaY8801ax_YJe0S2LR4UyRDQf/view?usp=sharing,Descendência,"Decência é sobre o processo evolutivo presente em trabalhos de código aberto, uma investigação sobre poética da abertura representada por essa espécie de árvore filogenética.",https://drive.google.com/file/d/1cYsxePiIKtn3xil2jTP6pdHNRCgsYgs_/view?usp=sharing,p5js,Disponível online em um site,https://openprocessing.org/sketch/1624611,https://drive.google.com/uc?export=view&id=17LUckbJCaY8801ax_YJe0S2LR4UyRDQf,https://drive.google.com/uc?export=view&id=1cYsxePiIKtn3xil2jTP6pdHNRCgsYgs_,https://openprocessing.org/sketch/1624611
André Burnier,"André Burnier atua como designer gráfico e programador criativo. Em 2016 se formou Mestre em Design Gráfico pela AKV | St. Joost, na Holanda, e dês de então desenvolve uma pesquisa sobre a intersecção entre design e programação. Durante essa pesquisa prática, Burnier explora o design generativo com desenvolvimento de ferramentas para fazer design – designer bots.",https://drive.google.com/file/d/16VNYBTWrYVjdf4g1mCpvGvc6URnAnAWd/view?usp=sharing,Danzafono 3.0,"Esta experiência digital foi criada por Unconform e André Burnier e é uma extensão da performance física Danzafono, criada por Salud Lopez. Em Danzafono 3.0 o usuário é convidado a dançar com cada palavra.",https://drive.google.com/file/d/1KDtJjeATRh3BF4n3S18T1hCbj2t0Dgyh/view?usp=sharing,Essa obra foi desenvolvida com P5js.,Disponível online em um site,http://danzafono.com,https://drive.google.com/uc?export=view&id=16VNYBTWrYVjdf4g1mCpvGvc6URnAnAWd,https://drive.google.com/uc?export=view&id=1KDtJjeATRh3BF4n3S18T1hCbj2t0Dgyh,http://danzafono.com
code2pixels,"Por meio do pseudônimo code2pixels, Sandro Miccoli cria arte abstrata, generativa e interativa. Conceitualmente, se interessa na criação de algoritmos como meio de conceber ideias. Sandro Miccoli é artista-programador, educador e especialista em novas mídias. Sua pesquisa gira em torno da exploração das possibilidades criativas de tecnologias digitais emergentes. Atua nas áreas de arte generativa, visuais em tempo real, instalações interativas e experiências imersivas. ",https://drive.google.com/file/d/1voUPHi5vAupNcCxd3qiGPjGvFrLZXTyH/view?usp=sharing,Crossing Paths #1,"Uma ode às encruzilhadas da vida.

Crossing Paths foi criado inspirado em La Longue Marche (1974), uma série de pinturas acrílicas feitas por Julio Le Parc.",https://drive.google.com/file/d/1t5bfItM9sN-WjIHoyLf7XK4OLkTWj4QX/view?usp=sharing,"Criado com p5.js, p5.js-func e bezier.js",Disponível online em um site,https://www.fxhash.xyz/gentk/743937 / https://gateway.fxhash2.xyz/ipfs/QmcSuLc5By2R7hwhdmrqWsnaLNEbb7hG9mNR6ESgCfWmJ9/?fxhash=opAShxDqus5dL2UzFtMdriKAUUDtTKLnbAtaaQbA6JmXYkKq7Kw,https://drive.google.com/uc?export=view&id=1voUPHi5vAupNcCxd3qiGPjGvFrLZXTyH,https://drive.google.com/uc?export=view&id=1t5bfItM9sN-WjIHoyLf7XK4OLkTWj4QX,https://www.fxhash.xyz/gentk/743937 / https://gateway.fxhash2.xyz/ipfs/QmcSuLc5By2R7hwhdmrqWsnaLNEbb7hG9mNR6ESgCfWmJ9/?fxhash=opAShxDqus5dL2UzFtMdriKAUUDtTKLnbAtaaQbA6JmXYkKq7Kw
"Cristiane Duarte, Rolf Simões","Cristiane Duarte Siebra Simões é estudante de mestrado no Instituto de Artes da Universidade Estadual Paulista-UNESP, possui graduação em Artes Visuais pela Universidade Regional do Cariri, e graduação em História pela Universidade Regional do Cariri (2006).  Participa do Grupo Internacional e Interinstitucional de Pesquisa em Arte, Ciência e Tecnologia (GIIP) da UNESP. Tem trabalhos de arte digital interativa em exposiçoes virtuais e congressos.
http://lattes.cnpq.br/2626233278507155.

Rolf Simões - Pesquisador, PhD em Computação pelo Instituto Nacional de Pesquisas Espaciais (INPE) e Mestre em Modelagem de Sistemas Complexos pela Universidade de São Paulo (USP). Seus interesses de pesquisa incluem inteligência artificial com aplicações em arte e ciência, modelagem de sistemas complexos e desenvolvimento de software geoespacial com aplicações científicas. É membro do Grupo de Geoinformática e Ciência de Dados Geoespaciais (GGDS) do INPE. Atualmente faz pós- doutorado no INPE. rolf.simoes@inpe.br",https://drive.google.com/file/d/18KwxkAKeCg3cU9hi5wRQ_5jwIqgxcN0n/view?usp=sharing,Entropia,"Abordamos em Entropia, as mudanças de sequência de estados, a partir da interação  Exploramos a estética que os autômatos celulares apresentam na criação de imagens e suas transformações e graus de desordem, características de sistemas entrópicos. A desordem de um sistema pode ser relacionada ao número de estados possíveis desse sistema, aumentar a desordem de um sistema, significa aumentar o número de microestados conectáveis as partículas deste sistema
",https://drive.google.com/file/d/1aGenkWMMpNX4J2um8BnTO3Ub4KwCXCcn/view?usp=sharing,A obra Entropia está disponível em p5.js,"Disponível em ambiente de livecode online (OpenProcessing, p5js Editor, etc)",https://crisduarte.github.io/entropia/,https://drive.google.com/uc?export=view&id=18KwxkAKeCg3cU9hi5wRQ_5jwIqgxcN0n,https://drive.google.com/uc?export=view&id=1aGenkWMMpNX4J2um8BnTO3Ub4KwCXCcn,https://crisduarte.github.io/entropia/
Ariane de Almeida Mendes,"Mestranda em Artes e graduada em Engenharia de Produção Mecânica (2018), ambos pela Universidade Federal do Ceará. Investiga interações entre arte, tecnologia e a vida. Atualmente pesquisa a visualização do processo de criação e a estética da informação.  Gerente de projetos e designer de processos, possui interesse na cidade, na produção sustentável e na inovação colaborativa. Aprendiz, caminhante e sonhadora. ",https://drive.google.com/file/d/1fVlHE_ofZwPk7ViJOtW3XKEd6ta2Ug0S/view,TIMELINE,"relato sobre o tempo

Tenho certa fixação no tempo.  Bom, diante disso, imagino que falar do tempo daria mais algumas páginas escritas e outras tantas a serem lidas. Demorei a entender as relações entre os tempos de um lugar e o espaço em que os eventos aconteciam. Só fui melhorar a percepção nesse sentido quando comecei a estudar história da arte, ainda na faculdade de arquitetura. Penso agora que tento me manter no presente através da Arte, sabe?

Atualmente pesquiso documentos de processo, visualização da informação e pesquisa artística no PPGARTES-UFC. Fiz um recorte temporal: separei arquivos de 2018 a 2020 e tenho transformado os elementos guardados em outras imagens (híbridas); componho, sobreponho, justaponho, reúno pedaços de informação (rastros, vestígios, dados) em montagens experimentais. Este vídeo é um exemplo de item arquivado que tenho retomado para a criação artística. Não é a primeira vez que o uso como fundo visual em falas sobre o estudo do tempo e do movimento; aproveito-o para contar histórias em andamento.

Conheci o processing em 2019, durante as aulas de design computacional na Universidade Federal do Ceará. Frequentava a faculdade de design enquanto aluna especial; já havia me graduado engenheira, mas precisava passear por outros ambientes de ensino para entender um pouco mais do que vinha pesquisando intuitivamente. Fazer pesquisa sempre me pareceu isso: ir em busca, mesmo sem saber o que viria em seguida, seguir a curiosidade de estar no mundo.

Não cheguei a concluir a disciplina que usava o software. Confesso que fiquei assustada com a infinidade de possibilidades que o código traduzido em imagem poderia trazer. Às vezes faço isso: me encanto tanto por algo que começo a temer o quanto aquilo pode me envolver. Parei de frequentar as aulas, apesar de ter sempre um caderninho em mãos no qual desenhava fluxogramas do projeto que queria desenvolver no processing. Penso hoje, já distante da situação, que não consegui lidar com as expectativas; pensava mais no ponto de chegada que na trajetória. Às vezes também faço isso e agora percebo que assim me foi ensinado. O meu esforço tem sido em reverter essa lógica, isto é: dar atenção ao processo.

Participei do Processing Community Day 2020. Estava em casa, durante o isolamento social por Covid-19, vivendo o luto, esquecida de todas-as-coisas-que-eu-deveria-fazer. Assisti palestras, fiz workshops, conheci artistas-pesquisadores no evento. Passado o dia, continuei a explorar o OpenProcessing: procurar, ler, alterar e combinar códigos virou um passatempo naqueles tempos difíceis. Aos poucos fui vendo a computação relacionada a significados mais sensíveis (o computador como instrumento de contato, a programação como expressão da montagem) e posso dizer que OpenProcessing ainda me ajuda nesse sentir em contato com as máquinas.",https://drive.google.com/file/d/1B36qv1lNRqLz6ZHeZG-Ga8-vgnKAnW_W/view,"Esta é uma pós-produção da captura de tela em interação com o OpenProcessing. TIMELINE parte do exercício de bifurcação do código STAY AT HOME de Vamoss (original code link: https://www.openprocessing.org/sketch/880860), que fui estudar e alterei a mensagem original pela palavra TEMPO. Enquanto o código rodava e entregava sua saída visual, gravei a tela em meu computador. Salvei o arquivo na nuvem e pude acessar pelo celular, de onde o pós-produzi com um aplicativo editor de vídeo, mexendo na velocidade, na distorção e na orientação da gravação.",Gravado em formato de vídeo,https://vimeo.com/748602667,https://drive.google.com/uc?export=view&id=1fVlHE_ofZwPk7ViJOtW3XKEd6ta2Ug0S,https://drive.google.com/uc?export=view&id=1B36qv1lNRqLz6ZHeZG-Ga8-vgnKAnW_W,https://vimeo.com/748602667
a mão levíssima,"Mariana Leal is a calligrapher and creative coder based in São Paulo, Brazil. In 2015, in the gestural warm ups for her work in calligraphy for invitations, she fell in love with the mobility of the body that calligraphy demands. In 2019, she discovered that programming affords new types of calligraphic brushes. Brushes that take the data of the mobility of the arms to new levels of expressivity. Currently she investigates the expressive capacities of her hybrid calligraphy, half code, half human gesture. ",https://github.com/Marileal/arquivosparaPCDBR22/blob/main/marianaLeal.jpeg?raw=true,The Polya Series,"The Pólya series is a homage for a book that changed my life: ""How to solve it"", by George Pólya. It is a book about solving math problems that contains from tips to complex mathematical concepts. I decided to make an ongoing series about it because it practically eliminated my math trauma with it's advices that shows the inner workings of a mathematician's mind. This digital calligraphy set serves the double purpose of disseminating this book ideas and inviting people to read it. To achieve this goal I used all the algorithmic brushes in my tool set and explored many types of composition. The unusual use of bright saturated colors adds the final touch of irreverence and joy, feelings that should be part of the journey of learning math.",https://raw.githubusercontent.com/Marileal/arquivosparaPCDBR22/main/The%20Polya%20series%20-%20Mariana%20Leal%20aka%20%40amaolevissima.png,Composição feita com meus gestos usando um brush de pena reta programado em Processing.,Disponível online em um site,https://www.behance.net/gallery/151578701/The-Polya-Series,https://github.com/Marileal/arquivosparaPCDBR22/blob/main/marianaLeal.jpeg?raw=true,https://raw.githubusercontent.com/Marileal/arquivosparaPCDBR22/main/The%20Polya%20series%20-%20Mariana%20Leal%20aka%20%40amaolevissima.png,https://www.behance.net/gallery/151578701/The-Polya-Series
a mão levíssima,"Mariana Leal is a calligrapher and creative coder based in São Paulo, Brazil. In 2015, in the gestural warm ups for her work in calligraphy for invitations, she fell in love with the mobility of the body that calligraphy demands. In 2019, she discovered that programming affords new types of calligraphic brushes. Brushes that take the data of the mobility of the arms to new levels of expressivity. Currently she investigates the expressive capacities of her hybrid calligraphy, half code, half human gesture. ",https://github.com/Marileal/arquivosparaPCDBR22/blob/main/marianaLeal.jpeg?raw=true,Caligrafia Fantasma,"O seguinte arte-programa é uma caligrafia híbrida, composta por dados gestuais de um corpo humano que atingem sua completude estética apenas quando processados pelo software deste repositório.

Esta caligrafia é fantasmagórica. No nível físico, não requer a presença da calígrafa para ser performada. Os gestos estão gravados em uma sequência de arquivos de texto e podem ser performados por quanto tempo quem controla quiser. No nível de registro, o programa instala camadas entre as iterações de desenho, que vão apagando os traços mais antigos. A composição do todo nunca é mostrada de uma vez só.

Esta caligrafia é generativa: não há uma ordem pré-determinada pela calígrafa-programadora para a reprodução de seus gestos. Pode-se interpretar que o programa possui autonomia para escolher quais gestos ele reproduzirá.",https://user-images.githubusercontent.com/54755880/180909628-39da37fe-4b5e-407e-93f9-dbed58cac243.png,"Arte-programa feito na biblioteca p5.js que lê uma série de arquivos em txt que guardam uma série de caligrafias gravadas como uma série de posições em coordenadas cartesianas. Ele sorteia cinco de dez arquivos por execução, portanto a composição geral nunca pode ser vista de uma só vez.",Disponível online em um site,https://editor.p5js.org/lightestHand/sketches/th556JnFl,https://github.com/Marileal/arquivosparaPCDBR22/blob/main/marianaLeal.jpeg?raw=true,https://user-images.githubusercontent.com/54755880/180909628-39da37fe-4b5e-407e-93f9-dbed58cac243.png,https://editor.p5js.org/lightestHand/sketches/th556JnFl
a mão levíssima,"Mariana Leal is a calligrapher and creative coder based in São Paulo, Brazil. In 2015, in the gestural warm ups for her work in calligraphy for invitations, she fell in love with the mobility of the body that calligraphy demands. In 2019, she discovered that programming affords new types of calligraphic brushes. Brushes that take the data of the mobility of the arms to new levels of expressivity. Currently she investigates the expressive capacities of her hybrid calligraphy, half code, half human gesture. ",https://github.com/Marileal/arquivosparaPCDBR22/blob/main/marianaLeal.jpeg?raw=true,Acidente Asêmico,"Acidente asêmico é uma série-acidente que surgiu no processo de ampliação das features de um uma outra obra-código minha: Effacer. Se neste código a escrita perde seus limites quanto mais rápido se escreve, no Acidente essa velocidade é intensificada a ponto da escrita perder completamente seu curso normal e virar um outro modo de registro, uma outra escrita, que não pode ser decifrada por falantes de línguas latinas. Os blocos de texto que aparecem na série são trechos dos meus diários.",https://raw.githubusercontent.com/Marileal/arquivosparaPCDBR22/main/acidente2.jpg,"Código escrito em Processing modo Java, acessando escritas minhas gravadas em arquivos .txt e redesenhando-as na tela com esse brush deformado que está embutido no código.",Disponível online em um site,https://marileal.github.io/,https://github.com/Marileal/arquivosparaPCDBR22/blob/main/marianaLeal.jpeg?raw=true,https://raw.githubusercontent.com/Marileal/arquivosparaPCDBR22/main/acidente2.jpg,https://marileal.github.io/
A1219,"A1219 é Adeniran Balthazar Silva, artista multimídia afrofuturista e produtor de trilhas, escritos, videoarte e performances. É baixista da banda instrumental Meneio (SP), que possui três álbuns gravados: ""Meneio"" (2015), ""Movediço"" (2019) e o EP ""Excerto"" (2022). Em Campinas, compôs o coletivo de artes integradas Vielas Expressas (2018-2019) e, em 2017, criou o projeto solo Ataraxia1219, hoje A1219. Entre as obras produzidas desde então estão a coletânea de poesia e prosa poética ""Imagos"" (2018), a videoperformance ""Aorta Impermanência"" (2021) e a faixa ""Onda Solar"" (2021), produzida em parceria com Flavia Goa para a coletânea ""Sonoridades Cósmicas Latino-Americanas"" (2021). Foi artista residente da Somsocosmos 4 em abril de 2022, residência sonora ocorrida em São José do Vale do Rio Preto - RJ.",https://drive.google.com/file/d/1rJ8UJ_NxN3jm3dL9hTm75wnqbdv8FsiE/view?usp=sharing,hwt-hr_am-mwt,Duas divindades são avistadas às margens do Nilo em uma noite atípica,https://drive.google.com/file/d/1JYuj1h00nR0u1o9KpALdRS3HfMFvrbe0/view?usp=sharing,"Performance realizada na plataforma Gibber para livecoding audiovisual, acrescida de sonoridades geradas via PureData e efeitos visuais editados no software Kdenlive.",Gravado em formato de vídeo,https://youtu.be/Z3bMZxiEYHs,https://drive.google.com/uc?export=view&id=1rJ8UJ_NxN3jm3dL9hTm75wnqbdv8FsiE,https://drive.google.com/uc?export=view&id=1JYuj1h00nR0u1o9KpALdRS3HfMFvrbe0,https://youtu.be/Z3bMZxiEYHs
Werllen Castro,"Werllen Castro (1984—) é designer gráfico formado pela Universidade Federal do Espírito Santo (2009). Desenvolve projetos comerciais para publicações editoriais e identidade visual para projetos de arte e cultura como exposições, mostras, seminários, filmes e álbuns musicais.

Desde 2018 estuda também a área de tecnologia associada ao design, através de projetos que envolvem programação criativa e desenvolvimento web. Em paralelo, realiza pesquisas sobre linguagens gráficas e estudos em tipografia, lettering e caligrafia.",https://drive.google.com/file/d/1A_EuWlnquomfizKGbHmxZDutErfx20wz/view?usp=sharing,36 days of type 2022,Série de imagens produzidas para o 36 days of type realizado em 2022. As imagens foram geradas à partir de um algoritmo cujo objetivo é sistematizar uma lógica semelhante à utilizada pelo artista David Hockney em suas obras utilizando fotografias Polaroid.,https://drive.google.com/file/d/1g16ggJ_ETGSpVotHzxWIizvD_RgFWGkG/view?usp=sharing,p5.js,Disponível online em um site,https://werls.netlify.app/posts/36dot/,https://drive.google.com/uc?export=view&id=1A_EuWlnquomfizKGbHmxZDutErfx20wz,https://drive.google.com/uc?export=view&id=1g16ggJ_ETGSpVotHzxWIizvD_RgFWGkG,https://werls.netlify.app/posts/36dot/
Werllen Castro,"Werllen Castro (1984—) é designer gráfico formado pela Universidade Federal do Espírito Santo (2009). Desenvolve projetos comerciais para publicações editoriais e identidade visual para projetos de arte e cultura como exposições, mostras, seminários, filmes e álbuns musicais.

Desde 2018 estuda também a área de tecnologia associada ao design, através de projetos que envolvem programação criativa e desenvolvimento web. Em paralelo, realiza pesquisas sobre linguagens gráficas e estudos em tipografia, lettering e caligrafia.",https://drive.google.com/file/d/1A_EuWlnquomfizKGbHmxZDutErfx20wz/view?usp=sharing,Contratempos,"O tempo às vezes parece correr ao contrário, então porque as horas passam cada vez mais depressa?

Um sketch rápido para uma ideia antiga: um relógio cujos ponteiros correm ao contrário. As horas são representadas pelos caracteres da palavra CONTRATEMPOS, sempre se movimentando na direção oposta.",https://drive.google.com/file/d/1UhuoF8LJip4i3zuXrfIlBSnvzhj8aXRl/view?usp=sharing,p5.js,Disponível online em um site,https://werls.xyz/gallery/artworks/contratempos/,https://drive.google.com/uc?export=view&id=1A_EuWlnquomfizKGbHmxZDutErfx20wz,https://drive.google.com/uc?export=view&id=1UhuoF8LJip4i3zuXrfIlBSnvzhj8aXRl,https://werls.xyz/gallery/artworks/contratempos/
Werllen Castro,"Werllen Castro (1984—) é designer gráfico formado pela Universidade Federal do Espírito Santo (2009). Desenvolve projetos comerciais para publicações editoriais e identidade visual para projetos de arte e cultura como exposições, mostras, seminários, filmes e álbuns musicais.

Desde 2018 estuda também a área de tecnologia associada ao design, através de projetos que envolvem programação criativa e desenvolvimento web. Em paralelo, realiza pesquisas sobre linguagens gráficas e estudos em tipografia, lettering e caligrafia.",https://drive.google.com/file/d/1A_EuWlnquomfizKGbHmxZDutErfx20wz/view?usp=sharing,Grão: Território Percussivo,"Identidade visual e aplicação em case, encarte e mídia física para álbum musical do músico percussionista Léo de Paula. A identidade é baseada em diferentes visualizações geradas por um algoritmo desenvolvido especificamente para o projeto.

As letras que compõe as palavras dos títulos de cada uma das 12 músicas foram utilizadas como elementos individuais distribuídos em círculos concêntricos, fazendo alusão à dispersão dos grãos dentro de uma determinada estrutura (física e rítmica). Tanto a composição final quanto a estrutura que subjaz a composição são exploradas em diferentes momentos da capa, do encarte e do material de divulgação.",https://drive.google.com/file/d/1ukNOFF8RtfWH1hg0968MbP1u3hd0ziDO/view?usp=sharing,Drawbot / Python,"Disponível fisicamente e online (através do Behance, com link para o código no GitHub)",https://www.behance.net/gallery/130839663/Grao-Territorio-Percussivo,https://drive.google.com/uc?export=view&id=1A_EuWlnquomfizKGbHmxZDutErfx20wz,https://drive.google.com/uc?export=view&id=1ukNOFF8RtfWH1hg0968MbP1u3hd0ziDO,https://www.behance.net/gallery/130839663/Grao-Territorio-Percussivo
Werllen Castro,"Werllen Castro (1984—) é designer gráfico formado pela Universidade Federal do Espírito Santo (2009). Desenvolve projetos comerciais para publicações editoriais e identidade visual para projetos de arte e cultura como exposições, mostras, seminários, filmes e álbuns musicais.

Desde 2018 estuda também a área de tecnologia associada ao design, através de projetos que envolvem programação criativa e desenvolvimento web. Em paralelo, realiza pesquisas sobre linguagens gráficas e estudos em tipografia, lettering e caligrafia.",https://drive.google.com/file/d/1A_EuWlnquomfizKGbHmxZDutErfx20wz/view?usp=sharing,Guia Anônima,"Projeto gráfico para a publicação ""Guia Anônima"", da escritora Junia Zaidan.

Guia Anônima é o primeiro livro de ficção da escritora Junia Zaidan e reune um conjunto de 16 contos que possuem um mesmo fio condutor: a identidade feminina, explorada e apresentada através de personagens anônimas.

A linguagem visual do projeto se desenvolveu a partir do conto homônimo e que também abre a publicação: uma longa sequência de palavras encadeadas, sem que haja qualquer pontuação entre elas. A sensação claustrofóbica do conto antecipa uma atmosfera por onde desenrolam histórias que envolvem dor, angústia, sexualidade e morte. O texto inspirou uma linguagem gráfica que se baseia na desconstrução tipográfica, fazendo analogia às estéticas punks e especialmente o estilo swissgrit de Chris Ashworth. As ilustrações são do artista Luciano Feijão.​​​​​​​

Para este projeto, desenvolvi uma ferramenta com o objetivo de gerar variações de imagens à partir dessas diretrizes iniciais, sendo utilizada tanto para o texto da quarta capa como para o título na folha de rosto do livro.",https://drive.google.com/file/d/1rcKzes-SiFmtITv0POEbwVfcHTMxShAA/view?usp=sharing,Drawbot / Python,Disponível fisicamente e online (projeto documentado no Behance e com código disponível para acesso no GitHub),https://www.behance.net/gallery/140200205/Guia-Anonima-Junia-Zaidan,https://drive.google.com/uc?export=view&id=1A_EuWlnquomfizKGbHmxZDutErfx20wz,https://drive.google.com/uc?export=view&id=1rcKzes-SiFmtITv0POEbwVfcHTMxShAA,https://www.behance.net/gallery/140200205/Guia-Anonima-Junia-Zaidan
Werllen Castro,"Werllen Castro (1984—) é designer gráfico formado pela Universidade Federal do Espírito Santo (2009). Desenvolve projetos comerciais para publicações editoriais e identidade visual para projetos de arte e cultura como exposições, mostras, seminários, filmes e álbuns musicais.

Desde 2018 estuda também a área de tecnologia associada ao design, através de projetos que envolvem programação criativa e desenvolvimento web. Em paralelo, realiza pesquisas sobre linguagens gráficas e estudos em tipografia, lettering e caligrafia.",https://drive.google.com/file/d/1A_EuWlnquomfizKGbHmxZDutErfx20wz/view?usp=sharing,charattack,"Animações em Ascii Art baseadas em equações trigonométricas e álgebra linear. O trabalho surge como uma experimentação no uso de equações à partir do mapeamento de coordenadas cartesianas em um espaço bidimensional, utilizando uma sequência de caracteres como representação de uma paleta monocromática para criar animações em loop.",https://drive.google.com/file/d/1ElIoylA9k8dNjpJlto9wfT-aCL4HYm14/view?usp=sharing,p5.js,Gravado em formato de vídeo,https://www.dropbox.com/sh/zvqzubguxbx6z88/AACq-e6txZ7VHLN5cT117s0Ga?dl=0,https://drive.google.com/uc?export=view&id=1A_EuWlnquomfizKGbHmxZDutErfx20wz,https://drive.google.com/uc?export=view&id=1ElIoylA9k8dNjpJlto9wfT-aCL4HYm14,https://www.dropbox.com/sh/zvqzubguxbx6z88/AACq-e6txZ7VHLN5cT117s0Ga?dl=0
Arthur Murtinho,"Arthur Murtinho é dramaturgo e músico, graduando em Produção Multimídia pela Faculdade Belas Artes e em Composição pela UNIRIO. Integrou o Núcleo de Dramaturgia da Escola Livre de Teatro, sob a orientação de Dione Carlos, e o Núcleo de Dramaturgia SESI-SP, orientado por Marici Salomão. É autor dos textos “Ecolalia” e “Perjúrio” – apresentados na Mostra de Dramaturgia ELT do SESC Ipiranga em 2018 e 2019 – e “Necrovisage” – encenado por Aysha Nascimento no Portas Abertas do SESI/British Council em 2019 e publicada em 2021 pela SESI-SP Editora. Como músico, realiza a programação sonora em tempo real e integrou a banda da peça “Coragem, meu amor”, Trabalho de Conclusão de Curso do Bacharelado em Direção Teatral da UNIRIO, dirigido por Juliana Thiré, e assina a direção musical da performance duracional “ophelia is a-live”, de Rúbia Vaz, apresentada nos meses de agosto e setembro de 2020 e na programação Terça Aberta da Cia. Fragmento de Dança. Participou também do projeto “Da janela, escutamos – um ensaio”, realizado pela Fábrica de Sons Eletrônicos coordenada por Paulo Dantas, apresentado no “*Topia Soundart Festival” e da Residência Artística “Práticas para enraizar” em parceria com Ana Clara Montenegro no ID_Tanzhaus Frankfurt Rhine-Main. Integra o ensino técnico da Escola de Música Villa Lobos, na habilitação de Composição e Arranjo. Tem como ferramentas de trabalho principais o Processing, Pure Data e p5.js.",https://drive.google.com/file/d/1LtFJzqGuW40qAJbpS80E88RxmrrbA458/view?usp=sharing,exercício para erguer o corpo para fora d'água,"Esse trabalho tem como ponto de partida a simulação generativa de processos naturais através do Processing e do Pure Data, e os possíveis desdobramentos de tais processos quando pensados visual e sonoramente. Como músico e dramaturgo, apresento com “exercício para erguer o corpo para fora d’água” o interesse na relação entre som e ruído, situando o conflito entre uma força vital simulada e sua incapacidade de manter-se continuamente. o título faz alusão à saída, ao longo da história da terra, do ambiente aquático para o meio terrestre, de forma que a aparente morte por desaparecimento dos indivíduos/círculos na tela pode ser redimensionada como a saída de um campo à outro.",https://drive.google.com/file/d/1mGUnnv2x2-c3o_81dOu7NGF8jZi0VGQD/view?usp=sharing,"“exercício de erguer o corpo para fora d’água” foi elaborada a partir da ideia de simular um ecossistema simples com um algoritmo genético e indivíduos autônomos. O desenvolvimento do projeto foi feito através do Processing 3, e paralelamente foi sonificado por meio de uma conexão por Protocolo OSC com Pure Data. Para tanto, foi utilizada a biblioteca oscP5 de Andreas Schlegel no Processing, e a biblioteca ELSE – de Alexandre Porres -  e mrpeach – de Martin Peach - no Pure Data. O trabalho divide entre os Softwares seu aspecto gráfico e sonoro. No Processing, é feita simulação de uma população sexuada, capaz de se reproduzir, mutar seu material genético, mover-se pelo espaço bidimensional de forma randômica ou direcionada ao alimento mais próximo. Os “alelos” dos objetos criados são enviados via OSC para um patch de Pure Data, que posiciona cada indivíduo em seu espaço sonoro “falando” uma gravação. Essa gravação é processada e mixada com barulhos que simulam generativamente processos naturais como ondas e vento. O trabalho tem seu término quando a população não é capaz de se sustentar e o último indivíduo de sua espécie desaparece.",Gravado em formato de vídeo,https://youtu.be/Y5M0JykO84w,https://drive.google.com/uc?export=view&id=1LtFJzqGuW40qAJbpS80E88RxmrrbA458,https://drive.google.com/uc?export=view&id=1mGUnnv2x2-c3o_81dOu7NGF8jZi0VGQD,https://youtu.be/Y5M0JykO84w
Sebastião Camilo,"Durante 12 anos estudei música. Nesse período participei de orquestras e grupos de câmara, o que me levou à Alemanha, onde residi por 2 anos.
Em Berlim me apaixonei pelo design. Percebi que era uma linguagem muito mais natural para mim do que o som. Retornei ao Brasil, e foi aí que cursei Design Gráfico.
Minha busca dentro do curso sempre foi correlacionar a música e o design. Passei a explorar ambientes interativos onde era possível, através da arte generativa, criar essa visualização cromática-musical. 
Atualmente moro em São Paulo, sou apaixonado por fotografia e ilustração, e meu dia só começa depois de um gostoso cafezinho.",https://drive.google.com/file/d/1Z8PjKg28MJnwftPBjjRxjKbC7eu2hfWW/view?usp=sharing,Design Generativo sons e cores,"“Há relativamente poucas pessoas capazes de compreender de
modo puramente musical o que a música tem a dizer”
Arnold Schoenberg - “A Relação com o texto” em Almanaque O Cavaleiro Azul.

Todas as notas musicais que ouvimos tem sua própria afinação. 
Se elevarmos essa afinação até a velocidade da luz, encontraremos as cores que acontecem em cada nota. 
Qualquer som emitido é constituído por outros sons que vibram junto com ele. Essa sequência é chamada de série harmônica. ",https://drive.google.com/file/d/18YU3GtYJddxikpOrd9lIoLki2Kyb-Gve/view?usp=sharing,P5.js / ml5 / CREPE / p5.sound,Disponível online em um site,sebastiaocamilo.com,https://drive.google.com/uc?export=view&id=1Z8PjKg28MJnwftPBjjRxjKbC7eu2hfWW,https://drive.google.com/uc?export=view&id=18YU3GtYJddxikpOrd9lIoLki2Kyb-Gve,sebastiaocamilo.com
WiW,"Artista Generativo, Musical e Visual de São Paulo. Explorando através da arte generativa os limites da percepção entre o ser humano e a máquina.",https://cdn.discordapp.com/attachments/691074817058668625/1019293354506321954/wiw.jpeg,"""sistemas.15""","Em ""sistemas.15"" estou explorando a montagem de sistemas. Um sistema de pintura que trabalha com definição e conexão de pontos, movimento, traço, sobreposição de cores, blendmodes, controle alfa e escolha detalhada de paletas de cores. Os diferentes formatos de tela pretendem apresentar diferentes “ângulos” da obra. ",https://drive.google.com/file/d/1_FW3eYrsvVfyAq0UpOPEBANReDHaN8Ys/view?usp=sharing,p5js,Disponível online em um site,https://preeminent-begonia-fa56e3.netlify.app/,https://cdn.discordapp.com/attachments/691074817058668625/1019293354506321954/wiw.jpeg,https://drive.google.com/uc?export=view&id=1_FW3eYrsvVfyAq0UpOPEBANReDHaN8Ys,https://preeminent-begonia-fa56e3.netlify.app/
Vinícius Hernandez Lopes Ladivez,"Tecnólogo em Mecatrônica formado pelo SENAI e Designer formado pela FAU USP. 
Iniciou a carreira trabalhando com programação para sistemas de automação industrial. Foi instrutor de desenho técnico, desenho assistido por computador (CAD) e Usinagem por comando numérico computadorizado (CNC) no SENAI. Atualmente é designer de produto, educador maker (aprendizagem mão na massa), professor voluntário no projeto Jovens Hackers, e brinca com arte computacional por hobby.",https://drive.google.com/file/d/1EojyKjDg6HOcGDIicaL-CihAmkh9PWK5/view?usp=sharing,pisoPaulista,"A obra é inspirada nas tradicionais calçadas de São Paulo com um padrão geométrico que remete ao mapa do estado, criadas por Mirthes Bernardes em 1965. 
Ao caminharmos pela cidade nos deparamos com calçadas antigas que foram reformadas de forma desleixada (ou não), com os módulos encaixados em posições diferentes do padrão. Como se a cidade, apesar do esforço de alguns para ordená-la, tendesse ao caos. Mas também há beleza no caos!
Neste site interativo o espetador é coautor, da obra, ao desconstruir o padrão clicando nos módulos. O padrão desconstruído pode ser baixado em formado JPG e usado livremente.",https://drive.google.com/file/d/1-vknDoX-eJLG78Kc582_TzHEXXSq4BGk/view?usp=sharing,O projeto foi feito com Processing 3.5.4 linguagem de programação P5.js,Disponível online em um site,http://pisopaulista.ladivez.com/,https://drive.google.com/uc?export=view&id=1EojyKjDg6HOcGDIicaL-CihAmkh9PWK5,https://drive.google.com/uc?export=view&id=1-vknDoX-eJLG78Kc582_TzHEXXSq4BGk,http://pisopaulista.ladivez.com/
Vinícius Hernandez Lopes Ladivez,"Tecnólogo em Mecatrônica formado pelo SENAI e Designer formado pela FAU USP. 
Iniciou a carreira trabalhando com programação para sistemas de automação industrial. Foi instrutor de desenho técnico, desenho assistido por computador (CAD) e Usinagem por comando numérico computadorizado (CNC) no SENAI. Atualmente é designer de produto, educador maker (aprendizagem mão na massa), professor voluntário no projeto Jovens Hackers, e brinca com arte computacional por hobby.",https://drive.google.com/file/d/1EojyKjDg6HOcGDIicaL-CihAmkh9PWK5/view?usp=sharing,de olho no clima,"Obra que remete à um olho criada a partir de dados climáticos abertos da cidade de São Paulo no ano de 2020, coletados pela estação meteorológica do Mirante de Santana, e disponíveis no site https://portal.inmet.gov.br/",https://drive.google.com/file/d/17FdYa8v9PzmY4Qe3ZRd1W2kxuNiUqus4/view?usp=sharing,O projeto foi feito com Processing 3.5.4 linguagem de programação JAVA,imagem jpg,https://drive.google.com/file/d/1TXQiUr_OE6MWXiiTwj3lu8Ti_Cn6EPBU/view?usp=sharing,https://drive.google.com/uc?export=view&id=1EojyKjDg6HOcGDIicaL-CihAmkh9PWK5,https://drive.google.com/uc?export=view&id=17FdYa8v9PzmY4Qe3ZRd1W2kxuNiUqus4,https://drive.google.com/uc?export=view&id=1TXQiUr_OE6MWXiiTwj3lu8Ti_Cn6EPBU
Mateus Pelanda,"Designer curitibano e, atualmente, mestrando em Tecnologia e Sociedade (PPGTE-UTFPR). Começou a realizar experimentos de Codificação Criativa por volta de 2017, enquanto participava como devigner (programador, designer e modelagem de negócios) na Apple Developer Academy (PUCPR). Recentemente, em 2022, está como colaborador na exposição Tela Transeunte (MuMA-PR).",https://drive.google.com/file/d/158KozFw5BmLWoHbC2hPpmztPOu6UkZKW/view?usp=sharing,Bobolhando,"Experimento utilizando a IDE e linguagem Processing. Neste trabalho, utilizei como base o exemplo da OpenCV para reconhecimentos de rostos e outro exemplo que encontrei na IDE, que possuía uma classe para gerar olhos que seguem o ponteiro do mouse. Utilizei como base esta classe e troquei as posições x e y do mouse, pela posição do rosto. Ao fazer isso, eu possuía olhos que seguem pessoas. Relacionado a isso, lembrei de retratos que dão a impressão de que, o olhar da pessoa retratada nos segue - algo conhecido como “efeito Mona Lisa”. Utilizei então um recorte da própria Mona Lisa para trazer esta ideia de que ""o quadro está me olhando"". Ao fundo, utilizei algumas formas geométricas com cores aleatórias, para dar uma ideia de espaço infinito e cyberespaço.",https://drive.google.com/file/d/1u7xcp-AhaiKCfqrMnl9EwIpQWCtE_zZf/view?usp=sharing,"Processing, Java (Linguagem); processing.video (Biblioteca); OpenCV (Biblioteca); Camera (Webcam PC)",Gravado em formato de vídeo,https://youtu.be/LKNnijxN7rI,https://drive.google.com/uc?export=view&id=158KozFw5BmLWoHbC2hPpmztPOu6UkZKW,https://drive.google.com/uc?export=view&id=1u7xcp-AhaiKCfqrMnl9EwIpQWCtE_zZf,https://youtu.be/LKNnijxN7rI
Bianca Orsso,"Bianca Orsso é artista e pesquisadora, formada em Artes Visuais, pela FAP-UNESPAR, e mestranda em Tecnologia e Sociedade, pela UTFPR. De julho a outubro de 2022, está participando como artista na exposição Tela Transeunte, no Museu Municipal de Arte de Curitiba (MuMA). Em 2021 atuou como docente e na montagem da V Bienal de Arte/Educação de Curitiba, cuja temática esteve voltada para linguagens de Arte e Tecnologia. No mesmo ano realizou o levantamento dos trabalhos apresentados no Conexão, um evento de Arte Digital, promovido pelo Núcleo de Arte e Tecnologia da FAP. Em sua principal pesquisa poética, a artista investiga as intersecções entre as linguagens da pintura e das tecnologias digitais.",https://drive.google.com/file/d/1RZypFgViMd4we7tiyiiEyfOn-zPiH5NX/view?usp=sharing,Sons íntimos de um ciclo fragmentado,"Sons íntimos de um ciclo fragmentado é uma experimentação de codificação criativa, realizada na plataforma Processing. O código é composto por cinco diferentes cenas visuais e sonoras, que são acionadas ao pressionar teclas no teclado. Cada uma das cenas são fragmentos do ciclo inicial. É como se olhássemos através de uma poderosa lente para uma sequência de oscilações sonoras, que reverberam visualmente em formas vermelhas translúcidas e acumulativas.",https://drive.google.com/file/d/1NaKKlwYbFe1WJO3r3N3oWRqLW52GbMVu/view?usp=sharing,"O código foi realizado no Processing versão 3.5.3 e com a linguagem processing.js. A biblioteca utilizada foi a Sound, de autoria The Processing Foundation.",Gravado em formato de vídeo,https://www.youtube.com/watch?v=yLioiatgjHU,https://drive.google.com/uc?export=view&id=1RZypFgViMd4we7tiyiiEyfOn-zPiH5NX,https://drive.google.com/uc?export=view&id=1NaKKlwYbFe1WJO3r3N3oWRqLW52GbMVu,https://www.youtube.com/watch?v=yLioiatgjHU
Diogo Navarro Naddeo,"Artista visual e Product Designer. Suas investigações e pesquisas estéticas concentram-se no campo da Arte-Tecnologia e sua produção transita pela web arte, cibercultura, glitch art e, principalmente, arte generativa e 3DArt.",https://drive.google.com/file/d/11Bq93huEGiKwtRAzcBw1KFnV4jtoyFYr/view?usp=sharing,MatrixMap - Planta Baixa,"O desenho é gerado a partir de um algoritmo que sorteia, na posição predecessora, a próxima direção que o objeto irá tomar.
Com isso, a estrutura que vai se construindo nos remete à ""planta baixa"" de uma cidade, fazendo alusão à forma como a cidade vai crescendo e ocupando os espaços. 
Para este registro em vídeo, o algoritmo permaneceu em execução durante 30 minutos.",https://drive.google.com/file/d/1CgzIx4SJVi4NemcwBLM-fvCHnP07o5bD/view?usp=sharing,Algoritmo concebido a partir da utilização da linguagem de programação Processing. Biblioteca utilizada: Processing PDF para geração de arquivo PDF editável em softwares de ilustração vetorial.,Gravado em formato de vídeo,https://vimeo.com/749384167,https://drive.google.com/uc?export=view&id=11Bq93huEGiKwtRAzcBw1KFnV4jtoyFYr,https://drive.google.com/uc?export=view&id=1CgzIx4SJVi4NemcwBLM-fvCHnP07o5bD,https://vimeo.com/749384167
Alexandre B A Villares,"Professor, artista visual e consultor em projetos de design e novas mídias. Pesquisa práticas artísticas que se valem de meios computacionais e o ensino de programação em contextos visuais. Graduado em arquitetura e urbanismo pela FAU-USP (2000) e mestre pela FEC-Unicamp (2019). Co-organizador da Noite de Processing em São Paulo. Ministra cursos na graduação e na pós-graduação de diversas instituições, desenvolve cursos e oficinas independentes ou como educador de tecnologias e artes no Sesc-SP.",https://abav.lugaralgum.com/sketch-a-day/2021/sketch_2021_02_03b/sketch_2021_02_03b.png,grafos 2022_09_13,Um experimento com grafos,https://raw.githubusercontent.com/villares/villares.github.io/bd1962057e92a5c3d17ea97c504af571a1a87c43/selected-work/grafos-2022-09/out470.png,Feita com Processing e Python,"Estou preparando para por num site, se não der certo vou ter que mandar um gif ou um vídeo",https://abav.lugaralgum.com/selected-work/grafos-2022-09/,https://abav.lugaralgum.com/sketch-a-day/2021/sketch_2021_02_03b/sketch_2021_02_03b.png,https://raw.githubusercontent.com/villares/villares.github.io/bd1962057e92a5c3d17ea97c504af571a1a87c43/selected-work/grafos-2022-09/out470.png,https://abav.lugaralgum.com/selected-work/grafos-2022-09/
Heloisa Barbosa de Oliveira,"Designer, professora e pesquisadora. Mestranda em Design pela Universidade Anhembi Morumbi, explorando o universo da arte e design ativista e da programação criativa.",https://drive.google.com/file/d/1aG7_xhcy3IgoBJn6wwk4rLuX3lrOcD3v/view?usp=sharing,Brasil ainda vive #3,"Experimento visual de arte e design ativista utilizando desenho generativo na linguagem de
programação P5.js e fotografia digital. Aborda o cenário brasileiro na transição para o pós-
pandemia, a fim de trazer sentimentos de resistência e esperança após tempos sombrios.
Faz parte da ação @brasil.ainda.vive, que compartilha os experimentos na rede social Instagram e aplica o desenho gerado pelo código em um filtro de stories, permitindo a interação do usuário com o experimento.",https://drive.google.com/file/d/1-WaFuECPV6lEVmltdrasMsAUtI7Jsfny/view?usp=sharing,p5.js e fotografia digital,"Disponível em ambiente de livecode online (OpenProcessing, p5js Editor, etc)",https://openprocessing.org/sketch/1497257,https://drive.google.com/uc?export=view&id=1aG7_xhcy3IgoBJn6wwk4rLuX3lrOcD3v,https://drive.google.com/uc?export=view&id=1-WaFuECPV6lEVmltdrasMsAUtI7Jsfny,https://openprocessing.org/sketch/1497257
Felipe,"Felipe Negreiros é artista digital residente de Fortaleza, seus trabalhos envolvem: “Creative Coding”, 
arte interativa, modelagem 3D, game art, arte imersiva, animação 3D e desenho analógico. Também experimenta dentro do campo da música, toca guitarra , realiza sessões de improviso com músicos de diversas procedências e ocasionalmente experimenta com a música computacional gerada por algoritmos. Sua formação inclui o curso de interatividade e programação criativa da EAV parque lage, um curso de “C4D” para arte 3D e um curso básico de unity para desenvolvimento de jogos, atualmente cursa cinema e audiovisual na Unifor. Suas obras já estiveram expostas em eventos como: Homeostasis Lab, Wrong Bienale, Festival de Chorume, Mostra o Teu, no Festival Psicodelicia e na casa de show Áudio Rebel.  recentemente participou do Ateliê “mestre é quem de repente aprende” no MIS fortaleza e também realizou mostra “Desdobramentos Pixelares” em parceria com o curso de cinema da Unifor.",https://drive.google.com/file/d/1O5K_OdLFBlXWV0tgJFvGvjkzAQpDPk7h/view?usp=sharing,Catedrais de Euclides,"Catedrais de Euclides: Sacralidade e arquitetura são uma combinação usualmente encontrada em catedrais. As estruturas presentes nessa obra evocam essas mesmas características, mas parecem imbuídas de uma Sacralidade não figurativa, mais pautada na geometria, o que as torna bem distintas das catedrais convencionais. E se a fonte da veneração fosse a geometria? Conveio evocar o nome de Euclides, um dos pioneiros da geometria, para incluir de maneira inteligente essa ideia no nome da obra. Mas essas edificações podem ser dedicadas a qualquer um que se empenhe nesse campo do saber.",https://drive.google.com/file/d/1wdsFNU9I53qRnHXegAa_CLuRsOVfoUeP/view?usp=sharing,"Se trata de uma obra interativa que utiliza o teclado e o mouse, Teclas: Q,W,A,S,Z,X,C,V, e setas",https://drive.google.com/drive/folders/1OQcguL9uiQZRpeH_7fCRw2bSzmMxSflJ?usp=sharing,https://drive.google.com/drive/folders/1OQcguL9uiQZRpeH_7fCRw2bSzmMxSflJ?usp=sharing,https://drive.google.com/uc?export=view&id=1O5K_OdLFBlXWV0tgJFvGvjkzAQpDPk7h,https://drive.google.com/uc?export=view&id=1wdsFNU9I53qRnHXegAa_CLuRsOVfoUeP,https://drive.google.com/drive/folders/1OQcguL9uiQZRpeH_7fCRw2bSzmMxSflJ?usp=sharing
Franco Sério,Franco Sério é professor de informática e mestre em Ensino pelo Programa de Pós-Graduação em Criatividade e Inovação em Metodologias de Ensino Superior (PPGCIMES) da UFPA. Pesquisador e admirador da arte de programar segue em busca de encontros e conexões entre a programação e a arte computacional.,https://drive.google.com/file/d/1Rd2stKCUw_2IqoftWpLXtwrGTG1iegRw/view?usp=sharing,Metamorfoses,"A obra “Metamorfoses” foi codificada no p5js e traz em seu processo criativo a criação de borboletas programadas com funções matemáticas tendo como inspiração a arte “Butterfly 1” de Hamid Yeganeh, os versos do poema 11 de ""Biografia do orvalho"" do Livro “Retrato do Artista Quando Coisa”, de Manoel de Barros e a letra da música ""Metamorfose ambulante"" de Raul Seixas. Ela simboliza as transformações no meu processo de aprendizagem interdisciplinar em programação com arte computacional.",https://drive.google.com/file/d/1NV_CBwU19kOwQM20-zRRDrPbftoikMJr/view?usp=sharing,Processing - P5js,"Disponível em ambiente de livecode online (OpenProcessing, p5js Editor, etc)",https://editor.p5js.org/Franco_Serio/full/njBM2Mvh5,https://drive.google.com/uc?export=view&id=1Rd2stKCUw_2IqoftWpLXtwrGTG1iegRw,https://drive.google.com/uc?export=view&id=1NV_CBwU19kOwQM20-zRRDrPbftoikMJr,https://editor.p5js.org/Franco_Serio/full/njBM2Mvh5
Franco Sério,Franco Sério é professor de informática e mestre em Ensino pelo Programa de Pós-Graduação em Criatividade e Inovação em Metodologias de Ensino Superior (PPGCIMES) da UFPA. Pesquisador e admirador da arte de programar segue em busca de encontros e conexões entre a programação e a arte computacional.,https://drive.google.com/file/d/1Rd2stKCUw_2IqoftWpLXtwrGTG1iegRw/view?usp=sharing,Diversidade Codificada - Karla Serrão,"A obra “Diversidade Codificada” tem como processo criativo a construção de uma imagem por várias partículas que surgem na tela e revelam gradativamente o rosto de uma mulher e a beleza de sua diversidade, com uma mensagem impressa de aceitação do sujeito, que se ergue e luta contra o padrão de Ser imposto, que destrói, machuca e desconstrói como a força destrutiva de uma implosão de uma bomba diante da não aceitação da diversidade que habita em cada Ser.  Inspirada na obra “mulher que não é BB” de Waldemar Cordeiro e entrelaçada nos versos do poema “Verbo Ser” de Carlos Drummond de Andrade, do poema “Inexato” de Elisa Lucinda, e, ainda, na letra das músicas “De toda cor” de Renato Luciano e “True Colors” de Cindi Lauper, a obras foi codificada no p5.js, uma interpretação do Processing para a web.",https://drive.google.com/file/d/1FwAerj7tQUAiV3jdOZEUMwoj-Ox6YOgA/view?usp=sharing,Processing - P5js,"Disponível em ambiente de livecode online (OpenProcessing, p5js Editor, etc)",https://editor.p5js.org/Franco_Serio/full/dUzu6I_FI,https://drive.google.com/uc?export=view&id=1Rd2stKCUw_2IqoftWpLXtwrGTG1iegRw,https://drive.google.com/uc?export=view&id=1FwAerj7tQUAiV3jdOZEUMwoj-Ox6YOgA,https://editor.p5js.org/Franco_Serio/full/dUzu6I_FI
Claromes,"""Eu costumava programar como motion designer, agora programo como desenvolvedora criativa""",https://avatars.githubusercontent.com/u/28742647,Pequena história escrita em Python,E assim as noites se passam no meu bairro,https://github.com/claromes/pcd2022/blob/main/tiny_story.gif,Python + py5,Gravado em formato GIF,https://github.com/claromes/pcd2022,https://avatars.githubusercontent.com/u/28742647,https://raw.githubusercontent.com/claromes/pcd2022/main/tiny_story.png,https://github.com/claromes/pcd2022
"Helena Toro, Vinicius Hiroshi, William Peçanha, Marina Taddei, Silvia Laurentiz, Miguel Alonso","Estudantes de Multimídia e Intermídia do curso de graduação em Artes Visuais da ECA/USP, sob orientação da Prof.ª Silvia Laurentiz e monitoria de Miguel Alonso",,Syreni,"A obra parte da imagem de um barco à deriva em um mar cujas ondas se encontram em estabilidade. A voz do interator, captada através do microfone, altera a frequência e a altura das ondulações. À medida que o mar se agita, mudam também as cores do céu e do mar. Ao explorar os efeitos da voz, há também a possibilidade de acalmar as águas, restaurando o equilíbrio do barco. Dessa forma, a obra entrega ao interator, de forma lúdica e figurativa, o controle sobre forças da natureza.
Esse trabalho é motivado pela inquietude gerada pela relação do ser humano com o oceano. Culturalmente, o mar sempre nos provoca e perturba de diferentes formas: atrai e ao mesmo tempo repele, gera medo e reverência, paixão e solitude. Buscamos realizar um projeto que se refere ao poder do oceano, à força das ondas e das tempestades, e seus efeitos sobre a pequena embarcação, uma representação do ser humano.",,p5js,Disponível online em um site,https://maacart.github.io/-Syreni/,https://drive.google.com/uc?export=view&id=1tWMJgqN7tCeafYcg4HPBY_M76_g6RLXE,https://lh5.googleusercontent.com/VBcxxdeFA4jnf2Q_iHEyEchmqtSgoXCdZwD6Ugv-0n2CWLNp4kkzN5BZimOyJl0ht88=w2400,https://maacart.github.io/-Syreni/